task,support_size,repetition,representation,n_features,r2,rmse,rpd,seconds
corn-moisture,5,0,masked-autoencoder,128,0.331514314251964,0.3081773795834715,1.2313137117480277,1.68
corn-moisture,5,1,masked-autoencoder,128,-0.07097259316342108,0.3894985046881818,0.9728045501292049,1.64
corn-moisture,5,2,masked-autoencoder,128,0.1952151956427297,0.34776123625498817,1.1222119474219225,1.66
corn-moisture,5,3,masked-autoencoder,128,-0.1856819265972851,0.39445573221668223,0.9245505724987125,1.6
corn-moisture,5,4,masked-autoencoder,128,-0.4914672070586841,0.46540983484610904,0.8243429296225846,1.62
corn-moisture,5,5,masked-autoencoder,128,0.1998951131224086,0.3398030934877227,1.1254891439937333,1.59
corn-moisture,5,6,masked-autoencoder,128,-0.1698854894257673,0.4141892801700966,0.9307715382959046,1.72
corn-moisture,5,7,masked-autoencoder,128,0.38594407001167974,0.2950581543529527,1.284726868508738,1.66
corn-moisture,5,8,masked-autoencoder,128,0.29762639722963014,0.3212515151377736,1.201242478139671,1.64
corn-moisture,5,9,masked-autoencoder,128,0.37666323446255423,0.28584235364316946,1.2751268781954874,1.64
corn-moisture,10,0,masked-autoencoder,128,-1.2514386403482822,0.5465471744313131,0.6712656390216994,1.63
corn-moisture,10,1,masked-autoencoder,128,0.3255415769127824,0.3126296991278163,1.2264416287829867,1.65
corn-moisture,10,2,masked-autoencoder,128,0.38846413423698134,0.2967948393418138,1.2879930161972084,1.64
corn-moisture,10,3,masked-autoencoder,128,0.28515152277801403,0.3225374374915851,1.1912899457809591,1.71
corn-moisture,10,4,masked-autoencoder,128,0.037296668204338745,0.3789221600003505,1.0265455795703955,1.63
corn-moisture,10,5,masked-autoencoder,128,0.2733029012234256,0.3261316158529525,1.1815381842490245,1.61
corn-moisture,10,6,masked-autoencoder,128,0.31340804779397546,0.32604458918439605,1.215556417014251,1.67
corn-moisture,10,7,masked-autoencoder,128,0.5174699310760914,0.2528072381480282,1.4499809077717505,1.64
corn-moisture,10,8,masked-autoencoder,128,0.17067516061261068,0.3495266892573444,1.106017854850515,1.67
corn-moisture,10,9,masked-autoencoder,128,0.056931177661871946,0.3821026109812203,1.0371767694529028,1.63
corn-moisture,20,0,masked-autoencoder,128,0.5154240420841887,0.2664573603391248,1.4486674026181083,1.65
corn-moisture,20,1,masked-autoencoder,128,0.5607230102994292,0.2576772092681407,1.5215295527199568,1.66
corn-moisture,20,2,masked-autoencoder,128,0.6362560094862733,0.2249937395945877,1.6720594160344153,1.62
corn-moisture,20,3,masked-autoencoder,128,0.6116058319245006,0.22666666090486082,1.6181294767111043,1.62
corn-moisture,20,4,masked-autoencoder,128,0.5134637444288712,0.26170654697947154,1.4457460524328942,1.71
corn-moisture,20,5,masked-autoencoder,128,0.5470181285521829,0.24764259637584515,1.4983359801297456,1.68
corn-moisture,20,6,masked-autoencoder,128,0.5113048345875326,0.26015996381745227,1.4425490797497984,1.66
corn-moisture,20,7,masked-autoencoder,128,0.7596512399187277,0.18408704587302616,2.0569734036093306,1.62
corn-moisture,20,8,masked-autoencoder,128,0.6802008048030265,0.20822074591585102,1.783244676232884,1.62
corn-moisture,20,9,masked-autoencoder,128,0.6712908470399728,0.20824646644980097,1.7589104160300786,1.69
