target,support_size,repetition,r2_tabpfn,r2_pls,seconds
Sucrose,5,0,0.8178,0.5764,3.81
Sucrose,5,1,0.9375,0.7106,3.42
Sucrose,5,2,0.7183,0.7349,3.73
Sucrose,5,3,0.9001,0.713,4.12
Sucrose,5,4,0.8759,0.5325,4.41
Sucrose,5,5,0.4164,0.4645,4.75
Sucrose,5,6,0.8374,0.6508,4.6
Sucrose,5,7,0.501,0.4824,4.68
Sucrose,5,8,0.8851,0.6406,4.66
Sucrose,5,9,0.9021,0.7123,4.47
Sucrose,10,0,0.8998,0.822,4.66
Sucrose,10,1,0.9632,0.8657,4.68
Sucrose,10,2,0.9245,0.7208,4.62
Sucrose,10,3,0.9849,0.8109,4.62
Sucrose,10,4,0.9778,0.8436,4.76
Sucrose,10,5,0.98,0.8146,4.64
Sucrose,10,6,0.9345,0.7111,4.63
Sucrose,10,7,0.9852,0.6669,4.59
Sucrose,10,8,0.9479,0.7734,4.57
Sucrose,10,9,0.9659,0.8292,4.66
Sucrose,20,0,0.9572,0.9254,5.28
Sucrose,20,1,0.995,0.9278,5.47
Sucrose,20,2,0.9242,0.9028,5.57
Sucrose,20,3,0.9862,0.9071,5.32
Sucrose,20,4,0.9778,0.9008,5.31
Sucrose,20,5,0.9804,0.8306,5.39
Sucrose,20,6,0.9826,0.8329,5.33
Sucrose,20,7,0.9924,0.8684,5.54
Sucrose,20,8,0.9603,0.8793,5.37
Sucrose,20,9,0.9656,0.9009,5.52
Fructose,5,0,0.6804,0.5571,4.72
Fructose,5,1,0.78,0.7104,4.92
Fructose,5,2,0.8895,0.7132,4.5
Fructose,5,3,0.8178,0.8121,4.92
Fructose,5,4,0.8563,0.7439,4.59
Fructose,5,5,0.8521,0.5698,4.92
Fructose,5,6,0.7765,0.6935,4.37
Fructose,5,7,0.9468,0.7088,4.85
Fructose,5,8,0.9245,0.8415,4.54
Fructose,5,9,0.856,0.7786,4.64
Fructose,10,0,0.9011,0.9062,5.14
Fructose,10,1,0.9597,0.9113,5.29
Fructose,10,2,0.9736,0.9074,5.04
Fructose,10,3,0.9591,0.856,5.05
Fructose,10,4,0.9791,0.898,5.36
Fructose,10,5,0.9806,0.8676,5.08
Fructose,10,6,0.9154,0.8641,5.23
Fructose,10,7,0.9434,0.8622,5.15
Fructose,10,8,0.9649,0.8751,5.25
Fructose,10,9,0.9901,0.8608,5.61
Fructose,20,0,0.9661,0.9195,6.67
Fructose,20,1,0.9724,0.957,8.1
Fructose,20,2,0.9952,0.9325,7.89
Fructose,20,3,0.9801,0.9326,7.08
Fructose,20,4,0.9473,0.9334,6.2
Fructose,20,5,0.9388,0.916,5.72
Fructose,20,6,0.9211,0.9448,5.88
Fructose,20,7,0.978,0.9123,5.97
Fructose,20,8,0.918,0.9294,5.7
Fructose,20,9,0.9904,0.9271,5.81
Maltose,5,0,0.8405,0.6482,4.45
Maltose,5,1,0.6709,0.5639,5.18
Maltose,5,2,0.7971,0.6336,5.48
Maltose,5,3,0.8245,0.7302,4.96
Maltose,5,4,0.7651,0.6251,5.35
Maltose,5,5,0.8166,0.6342,4.83
Maltose,5,6,0.8101,0.5688,5.09
Maltose,5,7,0.8103,0.5363,5.39
Maltose,5,8,0.8878,0.6723,5.33
Maltose,5,9,0.84,0.5677,5.22
Maltose,10,0,0.7886,0.6536,5.39
Maltose,10,1,0.9618,0.7819,5.96
Maltose,10,2,0.9254,0.3487,5.04
Maltose,10,3,0.9768,0.6049,5.45
Maltose,10,4,0.9444,0.7058,5.21
Maltose,10,5,0.9517,0.5813,5.43
Maltose,10,6,0.8083,0.4418,5.05
Maltose,10,7,0.9673,0.6702,5.26
Maltose,10,8,0.9744,0.5489,5.59
Maltose,10,9,0.9707,0.6592,5.66
Maltose,20,0,0.9289,0.8258,5.86
Maltose,20,1,0.9546,0.7284,6.07
Maltose,20,2,0.9755,0.7628,5.81
Maltose,20,3,0.9021,0.6194,5.98
Maltose,20,4,0.9867,0.7999,6.05
Maltose,20,5,0.9536,0.7632,5.84
Maltose,20,6,0.9582,0.7885,5.89
Maltose,20,7,0.976,0.6527,6.12
Maltose,20,8,0.9759,0.8436,5.86
Maltose,20,9,0.968,0.7819,5.96
Glucose,5,0,0.7074,0.3354,4.83
Glucose,5,1,0.7089,0.3419,4.98
Glucose,5,2,0.7144,-0.1245,4.68
Glucose,5,3,0.7383,0.3286,5.14
Glucose,5,4,0.9115,0.2734,5.01
Glucose,5,5,0.6298,0.0256,4.72
Glucose,5,6,0.7627,0.3195,4.91
Glucose,5,7,0.1369,-0.4127,5.46
Glucose,5,8,0.7738,0.4589,4.91
Glucose,5,9,0.8561,-0.0705,4.99
Glucose,10,0,0.8701,0.4805,6.61
Glucose,10,1,0.9704,0.4939,6.59
Glucose,10,2,0.9427,0.4344,5.55
Glucose,10,3,0.9658,0.0384,5.62
Glucose,10,4,0.9161,0.4896,5.51
Glucose,10,5,0.9709,0.4392,5.39
Glucose,10,6,0.9089,0.2584,5.31
Glucose,10,7,0.9309,0.4713,5.5
Glucose,10,8,0.9573,0.3154,5.38
Glucose,10,9,0.9432,0.4763,5.52
Glucose,20,0,0.9788,0.5701,6.19
Glucose,20,1,0.9287,0.5036,6.47
Glucose,20,2,0.8753,0.6278,6.41
Glucose,20,3,0.9799,0.2811,5.81
Glucose,20,4,0.9578,0.4565,6.09
Glucose,20,5,0.9636,0.468,6.07
Glucose,20,6,0.9673,0.5683,6.03
Glucose,20,7,0.9961,0.1093,6.16
Glucose,20,8,0.9456,0.5898,5.69
Glucose,20,9,0.9652,0.5409,6.19
