task,support_size,repetition,method,nominal_coverage,empirical_coverage,mean_interval_width,ridge_penalty,r2_evaluation,catastrophic_failure,seconds
diesel-cetane-number,5,0,ridge-jackknife-plus,50,0.0,-3.52134,10.0,0.2976,0,0.18
diesel-cetane-number,5,0,ridge-jackknife-plus,68,0.3404,2.17343,10.0,0.2976,0,0.19
diesel-cetane-number,5,0,ridge-jackknife-plus,80,0.4734,5.55011,10.0,0.2976,0,0.2
diesel-cetane-number,5,0,ridge-jackknife-plus,90,0.6729,7.07487,10.0,0.2976,0,0.2
diesel-cetane-number,5,0,ridge-jackknife-plus,95,0.6729,7.07487,10.0,0.2976,0,0.21
diesel-cetane-number,5,1,ridge-jackknife-plus,50,0.3245,1.94828,10.0,-0.3946,0,0.22
diesel-cetane-number,5,1,ridge-jackknife-plus,68,0.8245,9.6019,10.0,-0.3946,0,0.23
diesel-cetane-number,5,1,ridge-jackknife-plus,80,0.9521,15.04907,10.0,-0.3946,0,0.23
diesel-cetane-number,5,1,ridge-jackknife-plus,90,0.992,17.83361,10.0,-0.3946,0,0.24
diesel-cetane-number,5,1,ridge-jackknife-plus,95,0.992,17.83361,10.0,-0.3946,0,0.24
diesel-cetane-number,5,2,ridge-jackknife-plus,50,0.3351,2.0418,10.0,0.0973,0,0.19
diesel-cetane-number,5,2,ridge-jackknife-plus,68,0.6303,5.93324,10.0,0.0973,0,0.2
diesel-cetane-number,5,2,ridge-jackknife-plus,80,0.7394,8.9851,10.0,0.0973,0,0.2
diesel-cetane-number,5,2,ridge-jackknife-plus,90,0.9069,11.54043,10.0,0.0973,0,0.21
diesel-cetane-number,5,2,ridge-jackknife-plus,95,0.9069,11.54043,10.0,0.0973,0,0.22
diesel-cetane-number,5,3,ridge-jackknife-plus,50,0.016,-0.37274,0.0001,0.0301,0,0.23
diesel-cetane-number,5,3,ridge-jackknife-plus,68,0.3138,2.17399,0.0001,0.0301,0,0.24
diesel-cetane-number,5,3,ridge-jackknife-plus,80,0.5133,7.05576,0.0001,0.0301,0,0.25
diesel-cetane-number,5,3,ridge-jackknife-plus,90,0.734,10.28543,0.0001,0.0301,0,0.25
diesel-cetane-number,5,3,ridge-jackknife-plus,95,0.734,10.28543,0.0001,0.0301,0,0.27
diesel-cetane-number,5,4,ridge-jackknife-plus,50,0.008,-0.13286,10.0,0.2396,0,0.21
diesel-cetane-number,5,4,ridge-jackknife-plus,68,0.3378,2.51338,10.0,0.2396,0,0.22
diesel-cetane-number,5,4,ridge-jackknife-plus,80,0.508,7.29964,10.0,0.2396,0,0.22
diesel-cetane-number,5,4,ridge-jackknife-plus,90,0.9043,11.97804,10.0,0.2396,0,0.23
diesel-cetane-number,5,4,ridge-jackknife-plus,95,0.9043,11.97804,10.0,0.2396,0,0.24
diesel-cetane-number,5,5,ridge-jackknife-plus,50,0.0027,-0.0193,0.00039810717055349735,-0.1957,0,0.22
diesel-cetane-number,5,5,ridge-jackknife-plus,68,0.5266,4.28451,0.00039810717055349735,-0.1957,0,0.23
diesel-cetane-number,5,5,ridge-jackknife-plus,80,0.6702,6.79796,0.00039810717055349735,-0.1957,0,0.24
diesel-cetane-number,5,5,ridge-jackknife-plus,90,0.8936,9.35666,0.00039810717055349735,-0.1957,0,0.25
diesel-cetane-number,5,5,ridge-jackknife-plus,95,0.8936,9.35666,0.00039810717055349735,-0.1957,0,0.27
diesel-cetane-number,5,6,ridge-jackknife-plus,50,0.0638,0.36493,0.00025118864315095795,0.0965,0,0.2
diesel-cetane-number,5,6,ridge-jackknife-plus,68,0.25,1.67235,0.00025118864315095795,0.0965,0,0.21
diesel-cetane-number,5,6,ridge-jackknife-plus,80,0.492,4.56013,0.00025118864315095795,0.0965,0,0.22
diesel-cetane-number,5,6,ridge-jackknife-plus,90,0.8324,9.34629,0.00025118864315095795,0.0965,0,0.23
diesel-cetane-number,5,6,ridge-jackknife-plus,95,0.8324,9.34629,0.00025118864315095795,0.0965,0,0.24
diesel-cetane-number,5,7,ridge-jackknife-plus,50,0.0106,-0.30663,0.0001,-0.0627,0,0.21
diesel-cetane-number,5,7,ridge-jackknife-plus,68,0.0904,0.7164,0.0001,-0.0627,0,0.22
diesel-cetane-number,5,7,ridge-jackknife-plus,80,0.1516,1.23513,0.0001,-0.0627,0,0.22
diesel-cetane-number,5,7,ridge-jackknife-plus,90,0.258,2.21999,0.0001,-0.0627,0,0.23
diesel-cetane-number,5,7,ridge-jackknife-plus,95,0.258,2.21999,0.0001,-0.0627,0,0.23
diesel-cetane-number,5,8,ridge-jackknife-plus,50,0.0824,0.62186,0.0001,-0.8519,0,0.24
diesel-cetane-number,5,8,ridge-jackknife-plus,68,0.1676,1.97238,0.0001,-0.8519,0,0.24
diesel-cetane-number,5,8,ridge-jackknife-plus,80,0.3883,3.93291,0.0001,-0.8519,0,0.25
diesel-cetane-number,5,8,ridge-jackknife-plus,90,0.5585,5.69421,0.0001,-0.8519,0,0.25
diesel-cetane-number,5,8,ridge-jackknife-plus,95,0.5585,5.69421,0.0001,-0.8519,0,0.26
diesel-cetane-number,5,9,ridge-jackknife-plus,50,0.0665,0.27208,10.0,0.0902,0,0.25
diesel-cetane-number,5,9,ridge-jackknife-plus,68,0.5293,4.08971,10.0,0.0902,0,0.26
diesel-cetane-number,5,9,ridge-jackknife-plus,80,0.6676,6.45446,10.0,0.0902,0,0.26
diesel-cetane-number,5,9,ridge-jackknife-plus,90,0.7979,8.47336,10.0,0.0902,0,0.27
diesel-cetane-number,5,9,ridge-jackknife-plus,95,0.7979,8.47336,10.0,0.0902,0,0.27
diesel-cetane-number,10,0,ridge-jackknife-plus,50,0.0,-0.75448,0.25118864315095824,-0.5819,0,0.19
diesel-cetane-number,10,0,ridge-jackknife-plus,68,0.062,0.7867,0.25118864315095824,-0.5819,0,0.19
diesel-cetane-number,10,0,ridge-jackknife-plus,80,0.3423,2.77495,0.25118864315095824,-0.5819,0,0.2
diesel-cetane-number,10,0,ridge-jackknife-plus,90,0.5094,4.62856,0.25118864315095824,-0.5819,0,0.2
diesel-cetane-number,10,0,ridge-jackknife-plus,95,0.5499,5.39351,0.25118864315095824,-0.5819,0,0.22
diesel-cetane-number,10,1,ridge-jackknife-plus,50,0.0,-0.56167,10.0,0.3011,0,0.26
diesel-cetane-number,10,1,ridge-jackknife-plus,68,0.5148,3.36005,10.0,0.3011,0,0.26
diesel-cetane-number,10,1,ridge-jackknife-plus,80,0.8167,6.3504,10.0,0.3011,0,0.27
diesel-cetane-number,10,1,ridge-jackknife-plus,90,0.8706,7.63308,10.0,0.3011,0,0.28
diesel-cetane-number,10,1,ridge-jackknife-plus,95,0.8841,8.49637,10.0,0.3011,0,0.28
diesel-cetane-number,10,2,ridge-jackknife-plus,50,0.0,-1.20174,10.0,0.192,0,0.21
diesel-cetane-number,10,2,ridge-jackknife-plus,68,0.1078,0.81314,10.0,0.192,0,0.22
diesel-cetane-number,10,2,ridge-jackknife-plus,80,0.5822,5.67285,10.0,0.192,0,0.22
diesel-cetane-number,10,2,ridge-jackknife-plus,90,0.8518,10.81106,10.0,0.192,0,0.23
diesel-cetane-number,10,2,ridge-jackknife-plus,95,0.9272,13.53693,10.0,0.192,0,0.24
diesel-cetane-number,10,3,ridge-jackknife-plus,50,0.0027,-0.23831,10.0,0.3928,0,0.13
diesel-cetane-number,10,3,ridge-jackknife-plus,68,0.2183,1.36929,10.0,0.3928,0,0.14
diesel-cetane-number,10,3,ridge-jackknife-plus,80,0.3854,2.30732,10.0,0.3928,0,0.14
diesel-cetane-number,10,3,ridge-jackknife-plus,90,0.6415,4.34017,10.0,0.3928,0,0.15
diesel-cetane-number,10,3,ridge-jackknife-plus,95,0.7197,5.38333,10.0,0.3928,0,0.15
diesel-cetane-number,10,4,ridge-jackknife-plus,50,0.186,1.18447,6.309573444801943,0.3605,0,0.22
diesel-cetane-number,10,4,ridge-jackknife-plus,68,0.5391,3.49372,6.309573444801943,0.3605,0,0.23
diesel-cetane-number,10,4,ridge-jackknife-plus,80,0.8302,6.91079,6.309573444801943,0.3605,0,0.25
diesel-cetane-number,10,4,ridge-jackknife-plus,90,0.938,10.56846,6.309573444801943,0.3605,0,0.28
diesel-cetane-number,10,4,ridge-jackknife-plus,95,0.9865,13.51121,6.309573444801943,0.3605,0,0.28
diesel-cetane-number,10,5,ridge-jackknife-plus,50,0.0377,0.23639,0.00015848931924611142,-2.2538,1,0.15
diesel-cetane-number,10,5,ridge-jackknife-plus,68,0.1051,1.12622,0.00015848931924611142,-2.2538,1,0.19
diesel-cetane-number,10,5,ridge-jackknife-plus,80,0.3962,4.27185,0.00015848931924611142,-2.2538,1,0.2
diesel-cetane-number,10,5,ridge-jackknife-plus,90,0.6011,7.87364,0.00015848931924611142,-2.2538,1,0.22
diesel-cetane-number,10,5,ridge-jackknife-plus,95,0.7008,9.72189,0.00015848931924611142,-2.2538,1,0.23
diesel-cetane-number,10,6,ridge-jackknife-plus,50,0.0054,-0.08527,10.0,-0.1184,0,0.24
diesel-cetane-number,10,6,ridge-jackknife-plus,68,0.2102,1.93558,10.0,-0.1184,0,0.25
diesel-cetane-number,10,6,ridge-jackknife-plus,80,0.6011,4.62054,10.0,-0.1184,0,0.26
diesel-cetane-number,10,6,ridge-jackknife-plus,90,0.8922,9.68457,10.0,-0.1184,0,0.27
diesel-cetane-number,10,6,ridge-jackknife-plus,95,0.9299,12.95472,10.0,-0.1184,0,0.28
diesel-cetane-number,10,7,ridge-jackknife-plus,50,0.0431,0.22053,10.0,0.2548,0,0.18
diesel-cetane-number,10,7,ridge-jackknife-plus,68,0.097,0.59959,10.0,0.2548,0,0.19
diesel-cetane-number,10,7,ridge-jackknife-plus,80,0.7143,6.01294,10.0,0.2548,0,0.21
diesel-cetane-number,10,7,ridge-jackknife-plus,90,0.9272,10.79959,10.0,0.2548,0,0.22
diesel-cetane-number,10,7,ridge-jackknife-plus,95,0.9784,12.83276,10.0,0.2548,0,0.23
diesel-cetane-number,10,8,ridge-jackknife-plus,50,0.0701,0.42564,6.309573444801943,0.4003,0,0.21
diesel-cetane-number,10,8,ridge-jackknife-plus,68,0.4043,2.53888,6.309573444801943,0.4003,0,0.21
diesel-cetane-number,10,8,ridge-jackknife-plus,80,0.717,6.02128,6.309573444801943,0.4003,0,0.22
diesel-cetane-number,10,8,ridge-jackknife-plus,90,0.8706,9.45357,6.309573444801943,0.4003,0,0.22
diesel-cetane-number,10,8,ridge-jackknife-plus,95,0.9299,11.19838,6.309573444801943,0.4003,0,0.23
diesel-cetane-number,10,9,ridge-jackknife-plus,50,0.0,-0.00155,10.0,0.2696,0,0.2
diesel-cetane-number,10,9,ridge-jackknife-plus,68,0.1348,0.93172,10.0,0.2696,0,0.21
diesel-cetane-number,10,9,ridge-jackknife-plus,80,0.3612,2.52415,10.0,0.2696,0,0.21
diesel-cetane-number,10,9,ridge-jackknife-plus,90,0.4717,4.26951,10.0,0.2696,0,0.22
diesel-cetane-number,10,9,ridge-jackknife-plus,95,0.7116,5.89007,10.0,0.2696,0,0.23
diesel-cetane-number,20,0,ridge-jackknife-plus,50,0.0,-0.65153,1.0,-0.1494,0,0.27
diesel-cetane-number,20,0,ridge-jackknife-plus,68,0.3573,3.28639,1.0,-0.1494,0,0.28
diesel-cetane-number,20,0,ridge-jackknife-plus,80,0.4875,4.83046,1.0,-0.1494,0,0.29
diesel-cetane-number,20,0,ridge-jackknife-plus,90,0.5873,6.02156,1.0,-0.1494,0,0.3
diesel-cetane-number,20,0,ridge-jackknife-plus,95,0.6454,6.49331,1.0,-0.1494,0,0.32
diesel-cetane-number,20,1,ridge-jackknife-plus,50,0.0028,0.01541,0.6309573444801936,0.0514,0,0.27
diesel-cetane-number,20,1,ridge-jackknife-plus,68,0.2161,1.50036,0.6309573444801936,0.0514,0,0.27
diesel-cetane-number,20,1,ridge-jackknife-plus,80,0.3712,2.8531,0.6309573444801936,0.0514,0,0.28
diesel-cetane-number,20,1,ridge-jackknife-plus,90,0.5263,4.38941,0.6309573444801936,0.0514,0,0.29
diesel-cetane-number,20,1,ridge-jackknife-plus,95,0.5374,4.78697,0.6309573444801936,0.0514,0,0.3
diesel-cetane-number,20,2,ridge-jackknife-plus,50,0.0416,0.29939,2.5118864315095824,0.1832,0,0.18
diesel-cetane-number,20,2,ridge-jackknife-plus,68,0.2493,1.71969,2.5118864315095824,0.1832,0,0.19
diesel-cetane-number,20,2,ridge-jackknife-plus,80,0.3657,2.92256,2.5118864315095824,0.1832,0,0.21
diesel-cetane-number,20,2,ridge-jackknife-plus,90,0.5097,3.96094,2.5118864315095824,0.1832,0,0.22
diesel-cetane-number,20,2,ridge-jackknife-plus,95,0.5263,4.13976,2.5118864315095824,0.1832,0,0.24
diesel-cetane-number,20,3,ridge-jackknife-plus,50,0.2521,1.21171,10.0,0.4455,0,0.22
diesel-cetane-number,20,3,ridge-jackknife-plus,68,0.4072,2.00177,10.0,0.4455,0,0.24
diesel-cetane-number,20,3,ridge-jackknife-plus,80,0.4986,2.69327,10.0,0.4455,0,0.28
diesel-cetane-number,20,3,ridge-jackknife-plus,90,0.8255,6.2281,10.0,0.4455,0,0.31
diesel-cetane-number,20,3,ridge-jackknife-plus,95,0.8643,6.82137,10.0,0.4455,0,0.32
diesel-cetane-number,20,4,ridge-jackknife-plus,50,0.0,-0.94221,1.0,-0.0264,0,0.17
diesel-cetane-number,20,4,ridge-jackknife-plus,68,0.374,3.20781,1.0,-0.0264,0,0.18
diesel-cetane-number,20,4,ridge-jackknife-plus,80,0.5485,4.77105,1.0,-0.0264,0,0.22
diesel-cetane-number,20,4,ridge-jackknife-plus,90,0.8144,8.59101,1.0,-0.0264,0,0.25
diesel-cetane-number,20,4,ridge-jackknife-plus,95,0.8449,9.83258,1.0,-0.0264,0,0.26
diesel-cetane-number,20,5,ridge-jackknife-plus,50,0.0,-0.82716,1.0,-0.361,0,0.16
diesel-cetane-number,20,5,ridge-jackknife-plus,68,0.2715,2.55454,1.0,-0.361,0,0.18
diesel-cetane-number,20,5,ridge-jackknife-plus,80,0.6122,6.07547,1.0,-0.361,0,0.19
diesel-cetane-number,20,5,ridge-jackknife-plus,90,0.7673,9.56023,1.0,-0.361,0,0.2
diesel-cetane-number,20,5,ridge-jackknife-plus,95,0.8338,10.69586,1.0,-0.361,0,0.21
diesel-cetane-number,20,6,ridge-jackknife-plus,50,0.0,-1.51178,10.0,0.2938,0,0.17
diesel-cetane-number,20,6,ridge-jackknife-plus,68,0.0859,0.66989,10.0,0.2938,0,0.18
diesel-cetane-number,20,6,ridge-jackknife-plus,80,0.3961,2.847,10.0,0.2938,0,0.18
diesel-cetane-number,20,6,ridge-jackknife-plus,90,0.6842,5.32389,10.0,0.2938,0,0.19
diesel-cetane-number,20,6,ridge-jackknife-plus,95,0.7812,6.78786,10.0,0.2938,0,0.19
diesel-cetane-number,20,7,ridge-jackknife-plus,50,0.0,-0.34644,1.0,0.2638,0,0.23
diesel-cetane-number,20,7,ridge-jackknife-plus,68,0.1967,1.21461,1.0,0.2638,0,0.24
diesel-cetane-number,20,7,ridge-jackknife-plus,80,0.4626,3.33582,1.0,0.2638,0,0.24
diesel-cetane-number,20,7,ridge-jackknife-plus,90,0.7812,6.86126,1.0,0.2638,0,0.25
diesel-cetane-number,20,7,ridge-jackknife-plus,95,0.8199,7.68203,1.0,0.2638,0,0.25
diesel-cetane-number,20,8,ridge-jackknife-plus,50,0.0,-1.3587,10.0,0.4998,0,0.21
diesel-cetane-number,20,8,ridge-jackknife-plus,68,0.0249,0.14837,10.0,0.4998,0,0.23
diesel-cetane-number,20,8,ridge-jackknife-plus,80,0.7147,4.92141,10.0,0.4998,0,0.24
diesel-cetane-number,20,8,ridge-jackknife-plus,90,0.9003,9.91397,10.0,0.4998,0,0.25
diesel-cetane-number,20,8,ridge-jackknife-plus,95,0.9695,11.85094,10.0,0.4998,0,0.26
diesel-cetane-number,20,9,ridge-jackknife-plus,50,0.0942,0.63348,6.309573444801943,0.4214,0,0.19
diesel-cetane-number,20,9,ridge-jackknife-plus,68,0.3684,2.30347,6.309573444801943,0.4214,0,0.2
diesel-cetane-number,20,9,ridge-jackknife-plus,80,0.4931,3.24552,6.309573444801943,0.4214,0,0.2
diesel-cetane-number,20,9,ridge-jackknife-plus,90,0.7036,5.39271,6.309573444801943,0.4214,0,0.21
diesel-cetane-number,20,9,ridge-jackknife-plus,95,0.7839,6.24718,6.309573444801943,0.4214,0,0.22
