support_size,repetition,modality,n_features,r2,seconds
5,0,nir,50,-5.7813,1.81
5,0,mir,50,-2.9069,1.12
5,0,raman,50,-2.1625,1.06
5,0,nir+mir,100,-3.4604,1.16
5,0,nir+raman,100,-3.3954,1.21
5,0,mir+raman,100,-2.3329,1.2
5,0,all-three-modalities,150,-2.7331,1.35
5,1,nir,50,-0.1257,1.14
5,1,mir,50,-0.1287,1.2
5,1,raman,50,-0.1189,1.16
5,1,nir+mir,100,-0.1304,1.28
5,1,nir+raman,100,-0.1246,1.31
5,1,mir+raman,100,-0.1252,1.26
5,1,all-three-modalities,150,-0.1274,1.46
5,2,nir,50,-0.3163,1.15
5,2,mir,50,-0.3675,1.19
5,2,raman,50,-0.3563,1.17
5,2,nir+mir,100,-0.3423,1.3
5,2,nir+raman,100,-0.3331,1.32
5,2,mir+raman,100,-0.3693,1.37
5,2,all-three-modalities,150,-0.3538,1.55
5,3,nir,50,-0.021,1.23
5,3,mir,50,-0.058,1.23
5,3,raman,50,-0.0502,1.19
5,3,nir+mir,100,-0.0278,1.38
5,3,nir+raman,100,-0.0219,1.4
5,3,mir+raman,100,-0.0494,1.38
5,3,all-three-modalities,150,-0.0314,1.69
5,4,nir,50,-0.0523,1.29
5,4,mir,50,-0.0463,1.36
5,4,raman,50,-0.0579,1.43
5,4,nir+mir,100,-0.0311,1.52
5,4,nir+raman,100,-0.0404,1.51
5,4,mir+raman,100,-0.0178,1.51
5,4,all-three-modalities,150,-0.0182,1.65
5,5,nir,50,-0.0232,1.36
5,5,mir,50,0.0046,1.35
5,5,raman,50,0.0009,1.31
5,5,nir+mir,100,-0.0036,1.47
5,5,nir+raman,100,-0.012,1.45
5,5,mir+raman,100,0.0108,1.48
5,5,all-three-modalities,150,-0.0011,1.63
5,6,nir,50,-0.0678,1.32
5,6,mir,50,-0.1217,1.37
5,6,raman,50,-0.1003,1.4
5,6,nir+mir,100,-0.0928,1.59
5,6,nir+raman,100,-0.0914,1.48
5,6,mir+raman,100,-0.0907,1.54
5,6,all-three-modalities,150,-0.0784,1.65
5,7,nir,50,-0.0475,1.53
5,7,mir,50,-0.145,1.48
5,7,raman,50,-0.1223,1.55
5,7,nir+mir,100,-0.0867,1.66
5,7,nir+raman,100,-0.0835,1.72
5,7,mir+raman,100,-0.1403,1.7
5,7,all-three-modalities,150,-0.0983,1.88
5,8,nir,50,-0.1007,1.6
5,8,mir,50,-0.122,1.6
5,8,raman,50,-0.1294,1.59
5,8,nir+mir,100,-0.1101,1.7
5,8,nir+raman,100,-0.1121,1.7
5,8,mir+raman,100,-0.1296,1.66
5,8,all-three-modalities,150,-0.1196,1.75
5,9,nir,50,-0.1109,1.39
5,9,mir,50,-0.1084,1.51
5,9,raman,50,-0.0777,1.42
5,9,nir+mir,100,-0.1129,1.56
5,9,nir+raman,100,-0.0968,1.55
5,9,mir+raman,100,-0.0942,1.55
5,9,all-three-modalities,150,-0.1035,1.7
10,0,nir,50,-0.048,1.43
10,0,mir,50,-0.0428,1.39
10,0,raman,50,-0.0367,1.48
10,0,nir+mir,100,-0.0444,1.6
10,0,nir+raman,100,-0.0398,1.6
10,0,mir+raman,100,-0.038,1.63
10,0,all-three-modalities,150,-0.0414,1.69
10,1,nir,50,-0.0445,1.44
10,1,mir,50,0.2043,1.44
10,1,raman,50,0.0851,1.44
10,1,nir+mir,100,0.1175,1.54
10,1,nir+raman,100,0.0571,1.57
10,1,mir+raman,100,0.1979,1.71
10,1,all-three-modalities,150,0.1433,1.77
10,2,nir,50,0.1342,1.51
10,2,mir,50,0.0721,1.48
10,2,raman,50,0.0253,1.44
10,2,nir+mir,100,0.1839,1.57
10,2,nir+raman,100,0.1294,1.58
10,2,mir+raman,100,0.1189,1.54
10,2,all-three-modalities,150,0.1457,1.73
10,3,nir,50,0.031,1.47
10,3,mir,50,-0.0029,1.49
10,3,raman,50,0.0513,1.46
10,3,nir+mir,100,0.0476,1.56
10,3,nir+raman,100,0.0865,1.56
10,3,mir+raman,100,0.0651,1.6
10,3,all-three-modalities,150,0.077,1.75
10,4,nir,50,-0.464,1.44
10,4,mir,50,-0.4686,1.56
10,4,raman,50,-0.4787,1.47
10,4,nir+mir,100,-0.4086,1.73
10,4,nir+raman,100,-0.3587,1.55
10,4,mir+raman,100,-0.366,1.58
10,4,all-three-modalities,150,-0.335,1.77
10,5,nir,50,0.0244,1.46
10,5,mir,50,-0.0174,1.5
10,5,raman,50,0.0219,1.41
10,5,nir+mir,100,0.0124,1.6
10,5,nir+raman,100,0.034,1.58
10,5,mir+raman,100,0.0127,1.57
10,5,all-three-modalities,150,0.0211,1.79
10,6,nir,50,-0.2618,1.5
10,6,mir,50,-0.2884,1.5
10,6,raman,50,-0.2661,1.54
10,6,nir+mir,100,-0.2747,1.65
10,6,nir+raman,100,-0.2637,1.6
10,6,mir+raman,100,-0.2871,1.63
10,6,all-three-modalities,150,-0.2731,1.73
10,7,nir,50,-0.0906,1.54
10,7,mir,50,-0.0713,1.46
10,7,raman,50,-0.0778,1.46
10,7,nir+mir,100,-0.077,1.61
10,7,nir+raman,100,-0.0809,1.61
10,7,mir+raman,100,-0.0726,1.62
10,7,all-three-modalities,150,-0.0747,1.77
10,8,nir,50,-0.1822,1.54
10,8,mir,50,-0.1534,1.47
10,8,raman,50,-0.3525,1.5
10,8,nir+mir,100,-0.1559,1.6
10,8,nir+raman,100,-0.2634,1.6
10,8,mir+raman,100,-0.2467,1.66
10,8,all-three-modalities,150,-0.2143,1.72
10,9,nir,50,-0.0842,1.54
10,9,mir,50,-0.0684,1.48
10,9,raman,50,-0.0781,1.5
10,9,nir+mir,100,-0.083,1.62
10,9,nir+raman,100,-0.0847,1.6
10,9,mir+raman,100,-0.0695,1.82
10,9,all-three-modalities,150,-0.0807,1.88
20,0,nir,50,0.1342,1.59
20,0,mir,50,0.1176,1.61
20,0,raman,50,-0.0011,1.61
20,0,nir+mir,100,0.1375,1.74
20,0,nir+raman,100,0.1478,1.74
20,0,mir+raman,100,0.1191,1.74
20,0,all-three-modalities,150,0.1491,1.9
20,1,nir,50,0.1151,1.54
20,1,mir,50,0.0345,1.74
20,1,raman,50,0.0002,1.9
20,1,nir+mir,100,0.2656,1.87
20,1,nir+raman,100,0.0859,1.81
20,1,mir+raman,100,0.1525,1.8
20,1,all-three-modalities,150,0.2054,1.85
20,2,nir,50,-0.1072,1.55
20,2,mir,50,-0.0939,1.61
20,2,raman,50,-0.1543,1.66
20,2,nir+mir,100,-0.0817,1.72
20,2,nir+raman,100,-0.1451,1.65
20,2,mir+raman,100,-0.1159,1.69
20,2,all-three-modalities,150,-0.1054,1.84
20,3,nir,50,0.026,1.54
20,3,mir,50,0.043,1.62
20,3,raman,50,0.1873,1.59
20,3,nir+mir,100,0.0446,1.72
20,3,nir+raman,100,0.0911,1.69
20,3,mir+raman,100,0.103,1.7
20,3,all-three-modalities,150,0.0774,1.85
20,4,nir,50,0.2069,1.59
20,4,mir,50,0.1752,1.67
20,4,raman,50,0.0971,1.59
20,4,nir+mir,100,0.2667,1.73
20,4,nir+raman,100,0.1404,1.69
20,4,mir+raman,100,0.2107,1.66
20,4,all-three-modalities,150,0.2602,1.81
20,5,nir,50,-0.0226,1.68
20,5,mir,50,-0.0459,1.69
20,5,raman,50,-0.0607,1.76
20,5,nir+mir,100,-0.0315,1.86
20,5,nir+raman,100,-0.0349,1.73
20,5,mir+raman,100,-0.0551,1.68
20,5,all-three-modalities,150,-0.0361,1.87
20,6,nir,50,-0.2605,1.52
20,6,mir,50,-0.2839,1.7
20,6,raman,50,-0.254,2.08
20,6,nir+mir,100,-0.277,1.94
20,6,nir+raman,100,-0.2505,1.75
20,6,mir+raman,100,-0.2705,1.78
20,6,all-three-modalities,150,-0.2675,1.83
20,7,nir,50,0.1276,1.52
20,7,mir,50,0.2268,1.68
20,7,raman,50,0.0051,1.69
20,7,nir+mir,100,0.2304,1.75
20,7,nir+raman,100,0.1004,1.68
20,7,mir+raman,100,0.1263,1.78
20,7,all-three-modalities,150,0.1583,1.79
20,8,nir,50,0.1128,1.5
20,8,mir,50,0.1524,1.66
20,8,raman,50,0.1698,1.69
20,8,nir+mir,100,0.1947,1.79
20,8,nir+raman,100,0.188,1.77
20,8,mir+raman,100,0.2143,1.88
20,8,all-three-modalities,150,0.2106,2.16
20,9,nir,50,0.045,1.95
20,9,mir,50,0.032,1.79
20,9,raman,50,0.0134,1.6
20,9,nir+mir,100,0.07,1.74
20,9,nir+raman,100,0.0517,1.73
20,9,mir+raman,100,0.0426,1.69
20,9,all-three-modalities,150,0.0754,1.85
