task,support_size,repetition,r2_tabpfn,seconds_tabpfn,r2_pls,n_components_pls,seconds_pls
olive-oil-adulteration,5,0,-0.0921,8.79,-0.1,2,0.03
olive-oil-adulteration,5,1,-0.0705,8.54,-0.1311,3,0.03
olive-oil-adulteration,5,2,0.1125,8.56,-0.5662,3,0.03
olive-oil-adulteration,5,3,-0.0391,8.57,-0.0075,1,0.03
olive-oil-adulteration,5,4,-0.0081,8.64,-1.8502,1,0.03
olive-oil-adulteration,5,5,-1.0234,0.6,-1.0234,1,0.04
olive-oil-adulteration,5,6,0.1099,8.7,-0.1439,2,0.03
olive-oil-adulteration,5,7,-0.3677,8.74,-0.7414,1,0.03
olive-oil-adulteration,5,8,-0.0899,8.59,-0.5008,2,0.03
olive-oil-adulteration,5,9,-0.1015,8.6,-0.6806,3,0.03
olive-oil-adulteration,10,0,-0.1915,8.57,-0.4384,6,0.11
olive-oil-adulteration,10,1,0.0159,8.63,-4.541,7,0.11
olive-oil-adulteration,10,2,-0.0088,8.64,0.1515,2,0.11
olive-oil-adulteration,10,3,-0.2021,8.68,-0.5789,1,0.12
olive-oil-adulteration,10,4,0.1268,8.82,-0.3576,1,0.14
olive-oil-adulteration,10,5,-0.616,8.83,-0.7857,3,0.12
olive-oil-adulteration,10,6,-0.1811,8.79,-1.254,1,0.14
olive-oil-adulteration,10,7,0.294,8.83,0.2078,2,0.13
olive-oil-adulteration,10,8,0.0305,8.74,-0.3824,1,0.12
olive-oil-adulteration,10,9,0.0134,8.72,-9.6754,6,0.12
olive-oil-adulteration,20,0,0.2499,7.05,-0.4566,9,0.47
olive-oil-adulteration,20,1,0.1884,7.05,0.053,4,0.46
olive-oil-adulteration,20,2,0.1292,7.1,0.3448,7,0.48
olive-oil-adulteration,20,3,0.0123,7.2,-0.4043,5,0.49
olive-oil-adulteration,20,4,0.125,7.19,-0.1505,4,0.43
olive-oil-adulteration,20,5,0.1281,7.08,0.0529,5,0.45
olive-oil-adulteration,20,6,0.0848,7.17,0.0541,2,0.45
olive-oil-adulteration,20,7,0.1314,7.1,0.4183,10,0.46
olive-oil-adulteration,20,8,0.1108,7.18,-0.1143,4,0.49
olive-oil-adulteration,20,9,0.2167,7.15,0.0433,10,0.46
olive-oil-adulteration,50,0,-0.1141,7.04,0.0156,12,0.14
olive-oil-adulteration,50,1,0.6678,7.0,0.6422,7,0.15
olive-oil-adulteration,50,2,0.7513,7.01,0.2836,9,0.14
olive-oil-adulteration,50,3,0.4605,7.12,0.5637,14,0.15
olive-oil-adulteration,50,4,0.2801,7.14,0.2704,4,0.15
olive-oil-adulteration,50,5,0.6543,6.96,0.5396,10,0.15
olive-oil-adulteration,50,6,0.6085,6.99,0.6143,7,0.16
olive-oil-adulteration,50,7,0.7157,7.03,0.4192,13,0.15
olive-oil-adulteration,50,8,0.7801,7.0,0.3019,15,0.15
olive-oil-adulteration,50,9,0.0029,7.12,0.3626,6,0.14
olive-oil-adulteration,100,0,0.7374,6.83,0.6104,9,0.18
olive-oil-adulteration,100,1,0.5979,6.92,0.6137,12,0.21
olive-oil-adulteration,100,2,0.8274,7.05,0.6571,13,0.2
olive-oil-adulteration,100,3,0.2147,7.1,0.5899,9,0.19
olive-oil-adulteration,100,4,0.8989,6.84,0.5935,11,0.18
olive-oil-adulteration,100,5,0.7715,6.99,0.6179,9,0.18
olive-oil-adulteration,100,6,0.8184,6.77,0.6592,7,0.18
olive-oil-adulteration,100,7,0.604,6.79,0.6068,9,0.19
olive-oil-adulteration,100,8,0.7488,6.81,0.6993,9,0.18
olive-oil-adulteration,100,9,0.8762,6.82,0.6969,10,0.17
