task,support_size,repetition,method,nominal_coverage,empirical_coverage,mean_interval_width,r2_evaluation,catastrophic_failure,seconds
diesel-total-aromatics,5,0,native-posterior,50,0.2974,2.6218,0.6864,0,2.91
diesel-total-aromatics,5,0,split-conformal-absolute,50,0.5026,4.57926,0.6864,0,2.91
diesel-total-aromatics,5,0,split-conformal-locally-adaptive,50,0.4667,5.26932,0.6864,0,2.91
diesel-total-aromatics,5,0,native-posterior,68,0.4,4.24887,0.6864,0,2.91
diesel-total-aromatics,5,0,split-conformal-absolute,68,0.6872,7.57319,0.6864,0,2.91
diesel-total-aromatics,5,0,split-conformal-locally-adaptive,68,0.6513,9.29322,0.6864,0,2.91
diesel-total-aromatics,5,0,native-posterior,80,0.5026,6.14835,0.6864,0,2.91
diesel-total-aromatics,5,0,split-conformal-absolute,80,0.8359,9.67303,0.6864,0,2.91
diesel-total-aromatics,5,0,split-conformal-locally-adaptive,80,0.8308,12.80705,0.6864,0,2.91
diesel-total-aromatics,5,0,native-posterior,90,0.6667,9.99155,0.6864,0,2.91
diesel-total-aromatics,5,0,split-conformal-absolute,90,0.8923,12.32684,0.6864,0,2.91
diesel-total-aromatics,5,0,split-conformal-locally-adaptive,90,0.9026,15.8656,0.6864,0,2.91
diesel-total-aromatics,5,0,native-posterior,95,0.8103,15.86762,0.6864,0,2.91
diesel-total-aromatics,5,0,split-conformal-absolute,95,0.959,16.04834,0.6864,0,2.91
diesel-total-aromatics,5,0,split-conformal-locally-adaptive,95,0.9846,22.04784,0.6864,0,2.91
diesel-total-aromatics,5,1,native-posterior,50,0.441,6.09082,0.3982,0,2.9
diesel-total-aromatics,5,1,split-conformal-absolute,50,0.5128,6.61238,0.3982,0,2.9
diesel-total-aromatics,5,1,split-conformal-locally-adaptive,50,0.5282,7.49539,0.3982,0,2.9
diesel-total-aromatics,5,1,native-posterior,68,0.6872,8.83,0.3982,0,2.9
diesel-total-aromatics,5,1,split-conformal-absolute,68,0.7077,9.20204,0.3982,0,2.9
diesel-total-aromatics,5,1,split-conformal-locally-adaptive,68,0.7538,10.25567,0.3982,0,2.9
diesel-total-aromatics,5,1,native-posterior,80,0.8154,11.41685,0.3982,0,2.9
diesel-total-aromatics,5,1,split-conformal-absolute,80,0.8256,12.79626,0.3982,0,2.9
diesel-total-aromatics,5,1,split-conformal-locally-adaptive,80,0.8667,12.00321,0.3982,0,2.9
diesel-total-aromatics,5,1,native-posterior,90,0.9385,15.352,0.3982,0,2.9
diesel-total-aromatics,5,1,split-conformal-absolute,90,0.9333,18.0818,0.3982,0,2.9
diesel-total-aromatics,5,1,split-conformal-locally-adaptive,90,0.9436,14.97318,0.3982,0,2.9
diesel-total-aromatics,5,1,native-posterior,95,0.9897,19.93175,0.3982,0,2.9
diesel-total-aromatics,5,1,split-conformal-absolute,95,0.9641,21.68569,0.3982,0,2.9
diesel-total-aromatics,5,1,split-conformal-locally-adaptive,95,0.9641,16.68628,0.3982,0,2.9
diesel-total-aromatics,5,2,native-posterior,50,0.7538,8.36292,0.6233,0,2.92
diesel-total-aromatics,5,2,split-conformal-absolute,50,0.5077,4.82352,0.6233,0,2.92
diesel-total-aromatics,5,2,split-conformal-locally-adaptive,50,0.5385,5.34804,0.6233,0,2.92
diesel-total-aromatics,5,2,native-posterior,68,0.8923,12.38991,0.6233,0,2.92
diesel-total-aromatics,5,2,split-conformal-absolute,68,0.7077,7.58562,0.6233,0,2.92
diesel-total-aromatics,5,2,split-conformal-locally-adaptive,68,0.7026,7.46159,0.6233,0,2.92
diesel-total-aromatics,5,2,native-posterior,80,0.959,16.24867,0.6233,0,2.92
diesel-total-aromatics,5,2,split-conformal-absolute,80,0.7949,9.28908,0.6233,0,2.92
diesel-total-aromatics,5,2,split-conformal-locally-adaptive,80,0.7897,8.93419,0.6233,0,2.92
diesel-total-aromatics,5,2,native-posterior,90,0.9897,21.73006,0.6233,0,2.92
diesel-total-aromatics,5,2,split-conformal-absolute,90,0.8718,11.83168,0.6233,0,2.92
diesel-total-aromatics,5,2,split-conformal-locally-adaptive,90,0.8821,11.54699,0.6233,0,2.92
diesel-total-aromatics,5,2,native-posterior,95,1.0,27.20935,0.6233,0,2.92
diesel-total-aromatics,5,2,split-conformal-absolute,95,0.9128,15.92205,0.6233,0,2.92
diesel-total-aromatics,5,2,split-conformal-locally-adaptive,95,0.9179,13.21387,0.6233,0,2.92
diesel-total-aromatics,5,3,native-posterior,50,0.2205,4.77923,0.3865,0,2.85
diesel-total-aromatics,5,3,split-conformal-absolute,50,0.4769,7.94314,0.3865,0,2.85
diesel-total-aromatics,5,3,split-conformal-locally-adaptive,50,0.5077,9.08223,0.3865,0,2.85
diesel-total-aromatics,5,3,native-posterior,68,0.4154,7.44858,0.3865,0,2.85
diesel-total-aromatics,5,3,split-conformal-absolute,68,0.7077,11.78227,0.3865,0,2.85
diesel-total-aromatics,5,3,split-conformal-locally-adaptive,68,0.6821,12.67985,0.3865,0,2.85
diesel-total-aromatics,5,3,native-posterior,80,0.559,10.21195,0.3865,0,2.85
diesel-total-aromatics,5,3,split-conformal-absolute,80,0.8256,13.88191,0.3865,0,2.85
diesel-total-aromatics,5,3,split-conformal-locally-adaptive,80,0.8103,14.71572,0.3865,0,2.85
diesel-total-aromatics,5,3,native-posterior,90,0.8718,14.40883,0.3865,0,2.85
diesel-total-aromatics,5,3,split-conformal-absolute,90,0.8872,15.71131,0.3865,0,2.85
diesel-total-aromatics,5,3,split-conformal-locally-adaptive,90,0.9026,16.51331,0.3865,0,2.85
diesel-total-aromatics,5,3,native-posterior,95,0.9641,18.76194,0.3865,0,2.85
diesel-total-aromatics,5,3,split-conformal-absolute,95,0.9436,17.54102,0.3865,0,2.85
diesel-total-aromatics,5,3,split-conformal-locally-adaptive,95,0.9692,19.84931,0.3865,0,2.85
diesel-total-aromatics,5,4,native-posterior,50,0.6205,4.92198,0.8298,0,2.78
diesel-total-aromatics,5,4,split-conformal-absolute,50,0.5692,3.87773,0.8298,0,2.78
diesel-total-aromatics,5,4,split-conformal-locally-adaptive,50,0.4821,3.762,0.8298,0,2.78
diesel-total-aromatics,5,4,native-posterior,68,0.7538,7.70698,0.8298,0,2.78
diesel-total-aromatics,5,4,split-conformal-absolute,68,0.6821,5.63468,0.8298,0,2.78
diesel-total-aromatics,5,4,split-conformal-locally-adaptive,68,0.6615,6.04628,0.8298,0,2.78
diesel-total-aromatics,5,4,native-posterior,80,0.8462,10.62101,0.8298,0,2.78
diesel-total-aromatics,5,4,split-conformal-absolute,80,0.7846,7.09939,0.8298,0,2.78
diesel-total-aromatics,5,4,split-conformal-locally-adaptive,80,0.7795,7.82818,0.8298,0,2.78
diesel-total-aromatics,5,4,native-posterior,90,0.959,15.17553,0.8298,0,2.78
diesel-total-aromatics,5,4,split-conformal-absolute,90,0.8974,9.6226,0.8298,0,2.78
diesel-total-aromatics,5,4,split-conformal-locally-adaptive,90,0.8615,10.44336,0.8298,0,2.78
diesel-total-aromatics,5,4,native-posterior,95,0.9846,20.11248,0.8298,0,2.78
diesel-total-aromatics,5,4,split-conformal-absolute,95,0.9538,12.01558,0.8298,0,2.78
diesel-total-aromatics,5,4,split-conformal-locally-adaptive,95,0.9282,13.11347,0.8298,0,2.78
diesel-total-aromatics,5,5,native-posterior,50,0.5436,6.01173,0.7181,0,3.0
diesel-total-aromatics,5,5,split-conformal-absolute,50,0.5333,4.97806,0.7181,0,3.0
diesel-total-aromatics,5,5,split-conformal-locally-adaptive,50,0.5538,5.63703,0.7181,0,3.0
diesel-total-aromatics,5,5,native-posterior,68,0.7692,9.50322,0.7181,0,3.0
diesel-total-aromatics,5,5,split-conformal-absolute,68,0.6974,7.25314,0.7181,0,3.0
diesel-total-aromatics,5,5,split-conformal-locally-adaptive,68,0.6718,8.06005,0.7181,0,3.0
diesel-total-aromatics,5,5,native-posterior,80,0.9333,13.25852,0.7181,0,3.0
diesel-total-aromatics,5,5,split-conformal-absolute,80,0.8513,10.4291,0.7181,0,3.0
diesel-total-aromatics,5,5,split-conformal-locally-adaptive,80,0.8256,10.55505,0.7181,0,3.0
diesel-total-aromatics,5,5,native-posterior,90,0.9949,19.11079,0.7181,0,3.0
diesel-total-aromatics,5,5,split-conformal-absolute,90,0.9026,12.66718,0.7181,0,3.0
diesel-total-aromatics,5,5,split-conformal-locally-adaptive,90,0.9436,13.22383,0.7181,0,3.0
diesel-total-aromatics,5,5,native-posterior,95,0.9949,25.20567,0.7181,0,3.0
diesel-total-aromatics,5,5,split-conformal-absolute,95,0.9692,15.9261,0.7181,0,3.0
diesel-total-aromatics,5,5,split-conformal-locally-adaptive,95,0.9897,16.50794,0.7181,0,3.0
diesel-total-aromatics,5,6,native-posterior,50,0.4256,5.23107,0.4344,0,2.9
diesel-total-aromatics,5,6,split-conformal-absolute,50,0.5385,5.74633,0.4344,0,2.9
diesel-total-aromatics,5,6,split-conformal-locally-adaptive,50,0.5744,7.6341,0.4344,0,2.9
diesel-total-aromatics,5,6,native-posterior,68,0.6103,8.1865,0.4344,0,2.9
diesel-total-aromatics,5,6,split-conformal-absolute,68,0.6821,8.70144,0.4344,0,2.9
diesel-total-aromatics,5,6,split-conformal-locally-adaptive,68,0.759,11.08367,0.4344,0,2.9
diesel-total-aromatics,5,6,native-posterior,80,0.7641,12.68851,0.4344,0,2.9
diesel-total-aromatics,5,6,split-conformal-absolute,80,0.7846,13.24154,0.4344,0,2.9
diesel-total-aromatics,5,6,split-conformal-locally-adaptive,80,0.8205,14.39776,0.4344,0,2.9
diesel-total-aromatics,5,6,native-posterior,90,0.9077,28.50131,0.4344,0,2.9
diesel-total-aromatics,5,6,split-conformal-absolute,90,0.8974,17.8204,0.4344,0,2.9
diesel-total-aromatics,5,6,split-conformal-locally-adaptive,90,0.8974,18.35046,0.4344,0,2.9
diesel-total-aromatics,5,6,native-posterior,95,0.9692,65.11662,0.4344,0,2.9
diesel-total-aromatics,5,6,split-conformal-absolute,95,0.9436,20.82536,0.4344,0,2.9
diesel-total-aromatics,5,6,split-conformal-locally-adaptive,95,0.9333,21.13021,0.4344,0,2.9
diesel-total-aromatics,5,7,native-posterior,50,0.4872,4.76633,0.7833,0,2.87
diesel-total-aromatics,5,7,split-conformal-absolute,50,0.4615,3.48936,0.7833,0,2.87
diesel-total-aromatics,5,7,split-conformal-locally-adaptive,50,0.4513,4.58422,0.7833,0,2.87
diesel-total-aromatics,5,7,native-posterior,68,0.7179,7.41575,0.7833,0,2.87
diesel-total-aromatics,5,7,split-conformal-absolute,68,0.5744,5.40881,0.7833,0,2.87
diesel-total-aromatics,5,7,split-conformal-locally-adaptive,68,0.6513,6.73223,0.7833,0,2.87
diesel-total-aromatics,5,7,native-posterior,80,0.8615,10.24452,0.7833,0,2.87
diesel-total-aromatics,5,7,split-conformal-absolute,80,0.7538,7.60239,0.7833,0,2.87
diesel-total-aromatics,5,7,split-conformal-locally-adaptive,80,0.8,9.62469,0.7833,0,2.87
diesel-total-aromatics,5,7,native-posterior,90,0.9487,14.83609,0.7833,0,2.87
diesel-total-aromatics,5,7,split-conformal-absolute,90,0.9026,10.50254,0.7833,0,2.87
diesel-total-aromatics,5,7,split-conformal-locally-adaptive,90,0.9179,13.61995,0.7833,0,2.87
diesel-total-aromatics,5,7,native-posterior,95,0.9846,20.31715,0.7833,0,2.87
diesel-total-aromatics,5,7,split-conformal-absolute,95,0.9692,14.36229,0.7833,0,2.87
diesel-total-aromatics,5,7,split-conformal-locally-adaptive,95,0.9692,17.46963,0.7833,0,2.87
diesel-total-aromatics,5,8,native-posterior,50,0.6769,5.83529,0.7438,0,2.79
diesel-total-aromatics,5,8,split-conformal-absolute,50,0.4872,3.23983,0.7438,0,2.79
diesel-total-aromatics,5,8,split-conformal-locally-adaptive,50,0.4718,3.49094,0.7438,0,2.79
diesel-total-aromatics,5,8,native-posterior,68,0.841,9.12934,0.7438,0,2.79
diesel-total-aromatics,5,8,split-conformal-absolute,68,0.6513,5.20442,0.7438,0,2.79
diesel-total-aromatics,5,8,split-conformal-locally-adaptive,68,0.6564,5.58756,0.7438,0,2.79
diesel-total-aromatics,5,8,native-posterior,80,0.9692,12.63166,0.7438,0,2.79
diesel-total-aromatics,5,8,split-conformal-absolute,80,0.759,6.86289,0.7438,0,2.79
diesel-total-aromatics,5,8,split-conformal-locally-adaptive,80,0.7641,7.2675,0.7438,0,2.79
diesel-total-aromatics,5,8,native-posterior,90,1.0,18.04636,0.7438,0,2.8
diesel-total-aromatics,5,8,split-conformal-absolute,90,0.8564,9.84727,0.7438,0,2.8
diesel-total-aromatics,5,8,split-conformal-locally-adaptive,90,0.8923,10.42777,0.7438,0,2.8
diesel-total-aromatics,5,8,native-posterior,95,1.0,23.51964,0.7438,0,2.8
diesel-total-aromatics,5,8,split-conformal-absolute,95,0.9385,12.89312,0.7438,0,2.8
diesel-total-aromatics,5,8,split-conformal-locally-adaptive,95,0.9333,12.30127,0.7438,0,2.8
diesel-total-aromatics,5,9,native-posterior,50,0.2462,2.90805,0.6378,0,2.84
diesel-total-aromatics,5,9,split-conformal-absolute,50,0.5538,5.26186,0.6378,0,2.84
diesel-total-aromatics,5,9,split-conformal-locally-adaptive,50,0.5077,5.71997,0.6378,0,2.84
diesel-total-aromatics,5,9,native-posterior,68,0.3949,4.48419,0.6378,0,2.84
diesel-total-aromatics,5,9,split-conformal-absolute,68,0.6667,7.25832,0.6378,0,2.84
diesel-total-aromatics,5,9,split-conformal-locally-adaptive,68,0.6974,7.40034,0.6378,0,2.84
diesel-total-aromatics,5,9,native-posterior,80,0.559,6.12948,0.6378,0,2.84
diesel-total-aromatics,5,9,split-conformal-absolute,80,0.8513,10.84319,0.6378,0,2.84
diesel-total-aromatics,5,9,split-conformal-locally-adaptive,80,0.7692,8.81729,0.6378,0,2.84
diesel-total-aromatics,5,9,native-posterior,90,0.759,8.72798,0.6378,0,2.84
diesel-total-aromatics,5,9,split-conformal-absolute,90,0.9128,14.40338,0.6378,0,2.84
diesel-total-aromatics,5,9,split-conformal-locally-adaptive,90,0.8564,11.35595,0.6378,0,2.84
diesel-total-aromatics,5,9,native-posterior,95,0.8769,11.66072,0.6378,0,2.84
diesel-total-aromatics,5,9,split-conformal-absolute,95,0.9692,18.04252,0.6378,0,2.84
diesel-total-aromatics,5,9,split-conformal-locally-adaptive,95,0.9436,13.85935,0.6378,0,2.84
diesel-total-aromatics,10,0,native-posterior,50,0.6218,4.02872,0.7863,0,2.95
diesel-total-aromatics,10,0,split-conformal-absolute,50,0.5078,2.83143,0.7863,0,2.95
diesel-total-aromatics,10,0,split-conformal-locally-adaptive,50,0.4767,3.12323,0.7863,0,2.95
diesel-total-aromatics,10,0,native-posterior,68,0.7772,6.08508,0.7863,0,2.95
diesel-total-aromatics,10,0,split-conformal-absolute,68,0.6321,4.0577,0.7863,0,2.95
diesel-total-aromatics,10,0,split-conformal-locally-adaptive,68,0.6736,4.67564,0.7863,0,2.95
diesel-total-aromatics,10,0,native-posterior,80,0.8912,8.12871,0.7863,0,2.95
diesel-total-aromatics,10,0,split-conformal-absolute,80,0.7772,5.79349,0.7863,0,2.95
diesel-total-aromatics,10,0,split-conformal-locally-adaptive,80,0.7565,5.74647,0.7863,0,2.95
diesel-total-aromatics,10,0,native-posterior,90,0.9689,11.10751,0.7863,0,2.95
diesel-total-aromatics,10,0,split-conformal-absolute,90,0.886,8.56738,0.7863,0,2.95
diesel-total-aromatics,10,0,split-conformal-locally-adaptive,90,0.8446,7.66596,0.7863,0,2.95
diesel-total-aromatics,10,0,native-posterior,95,0.9896,14.22763,0.7863,0,2.95
diesel-total-aromatics,10,0,split-conformal-absolute,95,0.9016,10.54856,0.7863,0,2.95
diesel-total-aromatics,10,0,split-conformal-locally-adaptive,95,0.9326,10.34219,0.7863,0,2.95
diesel-total-aromatics,10,1,native-posterior,50,0.3368,3.50844,0.7506,0,2.92
diesel-total-aromatics,10,1,split-conformal-absolute,50,0.513,3.69769,0.7506,0,2.92
diesel-total-aromatics,10,1,split-conformal-locally-adaptive,50,0.487,7.92039,0.7506,0,2.92
diesel-total-aromatics,10,1,native-posterior,68,0.4508,6.07332,0.7506,0,2.92
diesel-total-aromatics,10,1,split-conformal-absolute,68,0.7202,5.88622,0.7506,0,2.92
diesel-total-aromatics,10,1,split-conformal-locally-adaptive,68,0.6632,13.15205,0.7506,0,2.92
diesel-total-aromatics,10,1,native-posterior,80,0.5337,9.2936,0.7506,0,2.92
diesel-total-aromatics,10,1,split-conformal-absolute,80,0.8083,7.19083,0.7506,0,2.92
diesel-total-aromatics,10,1,split-conformal-locally-adaptive,80,0.8083,16.69117,0.7506,0,2.92
diesel-total-aromatics,10,1,native-posterior,90,0.6218,16.11562,0.7506,0,2.92
diesel-total-aromatics,10,1,split-conformal-absolute,90,0.8912,9.81874,0.7506,0,2.92
diesel-total-aromatics,10,1,split-conformal-locally-adaptive,90,0.9171,20.52687,0.7506,0,2.92
diesel-total-aromatics,10,1,native-posterior,95,0.7513,25.64785,0.7506,0,2.92
diesel-total-aromatics,10,1,split-conformal-absolute,95,0.9689,14.71486,0.7506,0,2.92
diesel-total-aromatics,10,1,split-conformal-locally-adaptive,95,0.9534,22.1997,0.7506,0,2.92
diesel-total-aromatics,10,2,native-posterior,50,0.3627,2.86333,0.6882,0,2.88
diesel-total-aromatics,10,2,split-conformal-absolute,50,0.4611,3.52958,0.6882,0,2.88
diesel-total-aromatics,10,2,split-conformal-locally-adaptive,50,0.5026,4.25501,0.6882,0,2.88
diesel-total-aromatics,10,2,native-posterior,68,0.513,4.38909,0.6882,0,2.88
diesel-total-aromatics,10,2,split-conformal-absolute,68,0.6788,5.99684,0.6882,0,2.88
diesel-total-aromatics,10,2,split-conformal-locally-adaptive,68,0.6425,6.78494,0.6882,0,2.88
diesel-total-aromatics,10,2,native-posterior,80,0.6166,5.92934,0.6882,0,2.88
diesel-total-aromatics,10,2,split-conformal-absolute,80,0.7668,8.24691,0.6882,0,2.88
diesel-total-aromatics,10,2,split-conformal-locally-adaptive,80,0.7824,8.92113,0.6882,0,2.88
diesel-total-aromatics,10,2,native-posterior,90,0.7617,8.24967,0.6882,0,2.88
diesel-total-aromatics,10,2,split-conformal-absolute,90,0.886,13.20275,0.6882,0,2.88
diesel-total-aromatics,10,2,split-conformal-locally-adaptive,90,0.8912,12.15944,0.6882,0,2.88
diesel-total-aromatics,10,2,native-posterior,95,0.8912,10.85137,0.6882,0,2.88
diesel-total-aromatics,10,2,split-conformal-absolute,95,0.9482,16.35945,0.6882,0,2.88
diesel-total-aromatics,10,2,split-conformal-locally-adaptive,95,0.9637,14.58244,0.6882,0,2.88
diesel-total-aromatics,10,3,native-posterior,50,0.5907,3.49183,0.8297,0,2.9
diesel-total-aromatics,10,3,split-conformal-absolute,50,0.5803,2.87896,0.8297,0,2.9
diesel-total-aromatics,10,3,split-conformal-locally-adaptive,50,0.5285,3.07339,0.8297,0,2.9
diesel-total-aromatics,10,3,native-posterior,68,0.7824,5.2959,0.8297,0,2.9
diesel-total-aromatics,10,3,split-conformal-absolute,68,0.7617,4.87581,0.8297,0,2.9
diesel-total-aromatics,10,3,split-conformal-locally-adaptive,68,0.7409,4.73033,0.8297,0,2.9
diesel-total-aromatics,10,3,native-posterior,80,0.8653,7.07197,0.8297,0,2.9
diesel-total-aromatics,10,3,split-conformal-absolute,80,0.8446,6.24172,0.8297,0,2.9
diesel-total-aromatics,10,3,split-conformal-locally-adaptive,80,0.829,6.26548,0.8297,0,2.9
diesel-total-aromatics,10,3,native-posterior,90,0.9534,9.64831,0.8297,0,2.9
diesel-total-aromatics,10,3,split-conformal-absolute,90,0.9482,9.69842,0.8297,0,2.9
diesel-total-aromatics,10,3,split-conformal-locally-adaptive,90,0.9016,7.57871,0.8297,0,2.9
diesel-total-aromatics,10,3,native-posterior,95,0.9845,12.37596,0.8297,0,2.9
diesel-total-aromatics,10,3,split-conformal-absolute,95,0.9741,14.1882,0.8297,0,2.9
diesel-total-aromatics,10,3,split-conformal-locally-adaptive,95,0.9378,8.56527,0.8297,0,2.9
diesel-total-aromatics,10,4,native-posterior,50,0.4301,3.75002,0.5759,0,2.92
diesel-total-aromatics,10,4,split-conformal-absolute,50,0.487,3.86993,0.5759,0,2.92
diesel-total-aromatics,10,4,split-conformal-locally-adaptive,50,0.4922,4.3333,0.5759,0,2.92
diesel-total-aromatics,10,4,native-posterior,68,0.5907,5.64777,0.5759,0,2.92
diesel-total-aromatics,10,4,split-conformal-absolute,68,0.6269,5.55154,0.5759,0,2.92
diesel-total-aromatics,10,4,split-conformal-locally-adaptive,68,0.6269,6.07473,0.5759,0,2.92
diesel-total-aromatics,10,4,native-posterior,80,0.7358,7.47898,0.5759,0,2.92
diesel-total-aromatics,10,4,split-conformal-absolute,80,0.7927,7.86414,0.5759,0,2.92
diesel-total-aromatics,10,4,split-conformal-locally-adaptive,80,0.8135,8.68377,0.5759,0,2.92
diesel-total-aromatics,10,4,native-posterior,90,0.8601,10.04214,0.5759,0,2.92
diesel-total-aromatics,10,4,split-conformal-absolute,90,0.8756,12.67145,0.5759,0,2.92
diesel-total-aromatics,10,4,split-conformal-locally-adaptive,90,0.9016,11.38728,0.5759,0,2.92
diesel-total-aromatics,10,4,native-posterior,95,0.943,12.61749,0.5759,0,2.92
diesel-total-aromatics,10,4,split-conformal-absolute,95,0.9378,19.46979,0.5759,0,2.92
diesel-total-aromatics,10,4,split-conformal-locally-adaptive,95,0.9378,13.62076,0.5759,0,2.92
diesel-total-aromatics,10,5,native-posterior,50,0.5699,3.59975,0.8793,0,2.76
diesel-total-aromatics,10,5,split-conformal-absolute,50,0.4611,2.53888,0.8793,0,2.76
diesel-total-aromatics,10,5,split-conformal-locally-adaptive,50,0.513,3.13522,0.8793,0,2.76
diesel-total-aromatics,10,5,native-posterior,68,0.7824,5.441,0.8793,0,2.76
diesel-total-aromatics,10,5,split-conformal-absolute,68,0.6218,3.94407,0.8793,0,2.76
diesel-total-aromatics,10,5,split-conformal-locally-adaptive,68,0.6477,4.1055,0.8793,0,2.76
diesel-total-aromatics,10,5,native-posterior,80,0.9016,7.23187,0.8793,0,2.76
diesel-total-aromatics,10,5,split-conformal-absolute,80,0.8135,5.43822,0.8793,0,2.76
diesel-total-aromatics,10,5,split-conformal-locally-adaptive,80,0.7979,5.58609,0.8793,0,2.76
diesel-total-aromatics,10,5,native-posterior,90,0.9793,9.76353,0.8793,0,2.76
diesel-total-aromatics,10,5,split-conformal-absolute,90,0.9016,6.96494,0.8793,0,2.76
diesel-total-aromatics,10,5,split-conformal-locally-adaptive,90,0.8964,7.04308,0.8793,0,2.76
diesel-total-aromatics,10,5,native-posterior,95,1.0,12.34133,0.8793,0,2.76
diesel-total-aromatics,10,5,split-conformal-absolute,95,0.9171,7.80285,0.8793,0,2.76
diesel-total-aromatics,10,5,split-conformal-locally-adaptive,95,0.9637,8.7599,0.8793,0,2.76
diesel-total-aromatics,10,6,native-posterior,50,0.4041,2.98843,0.8151,0,2.88
diesel-total-aromatics,10,6,split-conformal-absolute,50,0.4249,2.92619,0.8151,0,2.88
diesel-total-aromatics,10,6,split-conformal-locally-adaptive,50,0.4041,3.01591,0.8151,0,2.88
diesel-total-aromatics,10,6,native-posterior,68,0.6114,4.5154,0.8151,0,2.88
diesel-total-aromatics,10,6,split-conformal-absolute,68,0.6373,4.80186,0.8151,0,2.88
diesel-total-aromatics,10,6,split-conformal-locally-adaptive,68,0.6373,4.93149,0.8151,0,2.88
diesel-total-aromatics,10,6,native-posterior,80,0.7202,6.00169,0.8151,0,2.88
diesel-total-aromatics,10,6,split-conformal-absolute,80,0.7772,6.65015,0.8151,0,2.88
diesel-total-aromatics,10,6,split-conformal-locally-adaptive,80,0.7617,6.73795,0.8151,0,2.88
diesel-total-aromatics,10,6,native-posterior,90,0.886,8.11521,0.8151,0,2.88
diesel-total-aromatics,10,6,split-conformal-absolute,90,0.8964,9.25369,0.8151,0,2.88
diesel-total-aromatics,10,6,split-conformal-locally-adaptive,90,0.9171,8.63156,0.8151,0,2.88
diesel-total-aromatics,10,6,native-posterior,95,0.9689,10.27206,0.8151,0,2.89
diesel-total-aromatics,10,6,split-conformal-absolute,95,0.9896,14.4727,0.8151,0,2.89
diesel-total-aromatics,10,6,split-conformal-locally-adaptive,95,0.9689,10.48992,0.8151,0,2.89
diesel-total-aromatics,10,7,native-posterior,50,0.285,2.43491,0.5067,0,2.92
diesel-total-aromatics,10,7,split-conformal-absolute,50,0.4974,4.36838,0.5067,0,2.92
diesel-total-aromatics,10,7,split-conformal-locally-adaptive,50,0.4819,4.99094,0.5067,0,2.92
diesel-total-aromatics,10,7,native-posterior,68,0.4093,3.69198,0.5067,0,2.92
diesel-total-aromatics,10,7,split-conformal-absolute,68,0.6632,7.32933,0.5067,0,2.92
diesel-total-aromatics,10,7,split-conformal-locally-adaptive,68,0.6736,7.61413,0.5067,0,2.92
diesel-total-aromatics,10,7,native-posterior,80,0.4663,4.92507,0.5067,0,2.92
diesel-total-aromatics,10,7,split-conformal-absolute,80,0.7772,10.74302,0.5067,0,2.92
diesel-total-aromatics,10,7,split-conformal-locally-adaptive,80,0.772,9.12282,0.5067,0,2.92
diesel-total-aromatics,10,7,native-posterior,90,0.6218,6.71471,0.5067,0,2.92
diesel-total-aromatics,10,7,split-conformal-absolute,90,0.9016,15.65102,0.5067,0,2.92
diesel-total-aromatics,10,7,split-conformal-locally-adaptive,90,0.8808,11.86037,0.5067,0,2.92
diesel-total-aromatics,10,7,native-posterior,95,0.7461,8.60692,0.5067,0,2.92
diesel-total-aromatics,10,7,split-conformal-absolute,95,0.9637,23.45241,0.5067,0,2.92
diesel-total-aromatics,10,7,split-conformal-locally-adaptive,95,0.9637,14.93668,0.5067,0,2.92
diesel-total-aromatics,10,8,native-posterior,50,0.2332,1.48251,0.8807,0,2.75
diesel-total-aromatics,10,8,split-conformal-absolute,50,0.4922,2.44026,0.8807,0,2.75
diesel-total-aromatics,10,8,split-conformal-locally-adaptive,50,0.4663,2.71387,0.8807,0,2.75
diesel-total-aromatics,10,8,native-posterior,68,0.3679,2.22859,0.8807,0,2.75
diesel-total-aromatics,10,8,split-conformal-absolute,68,0.6321,3.88659,0.8807,0,2.75
diesel-total-aromatics,10,8,split-conformal-locally-adaptive,68,0.6632,4.15098,0.8807,0,2.75
diesel-total-aromatics,10,8,native-posterior,80,0.4974,2.9505,0.8807,0,2.75
diesel-total-aromatics,10,8,split-conformal-absolute,80,0.7461,5.04016,0.8807,0,2.75
diesel-total-aromatics,10,8,split-conformal-locally-adaptive,80,0.7772,5.50059,0.8807,0,2.75
diesel-total-aromatics,10,8,native-posterior,90,0.6166,3.97723,0.8807,0,2.75
diesel-total-aromatics,10,8,split-conformal-absolute,90,0.8653,6.75823,0.8807,0,2.75
diesel-total-aromatics,10,8,split-conformal-locally-adaptive,90,0.9275,7.86909,0.8807,0,2.75
diesel-total-aromatics,10,8,native-posterior,95,0.7461,5.03102,0.8807,0,2.75
diesel-total-aromatics,10,8,split-conformal-absolute,95,0.9585,11.00345,0.8807,0,2.75
diesel-total-aromatics,10,8,split-conformal-locally-adaptive,95,0.9637,9.53669,0.8807,0,2.75
diesel-total-aromatics,10,9,native-posterior,50,0.3679,2.47578,0.838,0,2.99
diesel-total-aromatics,10,9,split-conformal-absolute,50,0.456,3.30734,0.838,0,2.99
diesel-total-aromatics,10,9,split-conformal-locally-adaptive,50,0.4715,3.44289,0.838,0,2.99
diesel-total-aromatics,10,9,native-posterior,68,0.513,3.74723,0.838,0,2.99
diesel-total-aromatics,10,9,split-conformal-absolute,68,0.6425,4.6122,0.838,0,2.99
diesel-total-aromatics,10,9,split-conformal-locally-adaptive,68,0.6477,5.16648,0.838,0,2.99
diesel-total-aromatics,10,9,native-posterior,80,0.6166,4.9829,0.838,0,2.99
diesel-total-aromatics,10,9,split-conformal-absolute,80,0.7513,6.01875,0.838,0,2.99
diesel-total-aromatics,10,9,split-conformal-locally-adaptive,80,0.7668,6.39124,0.838,0,2.99
diesel-total-aromatics,10,9,native-posterior,90,0.7979,6.75849,0.838,0,2.99
diesel-total-aromatics,10,9,split-conformal-absolute,90,0.9016,8.41231,0.838,0,2.99
diesel-total-aromatics,10,9,split-conformal-locally-adaptive,90,0.8964,8.32466,0.838,0,2.99
diesel-total-aromatics,10,9,native-posterior,95,0.8964,8.58296,0.838,0,2.99
diesel-total-aromatics,10,9,split-conformal-absolute,95,0.943,10.6336,0.838,0,2.99
diesel-total-aromatics,10,9,split-conformal-locally-adaptive,95,0.9378,9.16603,0.838,0,2.99
diesel-total-aromatics,20,0,native-posterior,50,0.4362,2.49811,0.881,0,2.87
diesel-total-aromatics,20,0,split-conformal-absolute,50,0.5585,2.41717,0.881,0,2.87
diesel-total-aromatics,20,0,split-conformal-locally-adaptive,50,0.5532,2.90481,0.881,0,2.87
diesel-total-aromatics,20,0,native-posterior,68,0.6755,3.7035,0.881,0,2.87
diesel-total-aromatics,20,0,split-conformal-absolute,68,0.7181,4.15487,0.881,0,2.87
diesel-total-aromatics,20,0,split-conformal-locally-adaptive,68,0.7234,4.25188,0.881,0,2.87
diesel-total-aromatics,20,0,native-posterior,80,0.75,4.81762,0.881,0,2.87
diesel-total-aromatics,20,0,split-conformal-absolute,80,0.883,6.75962,0.881,0,2.87
diesel-total-aromatics,20,0,split-conformal-locally-adaptive,80,0.8351,5.75875,0.881,0,2.87
diesel-total-aromatics,20,0,native-posterior,90,0.8511,6.33138,0.881,0,2.87
diesel-total-aromatics,20,0,split-conformal-absolute,90,0.9202,8.59397,0.881,0,2.87
diesel-total-aromatics,20,0,split-conformal-locally-adaptive,90,0.8936,7.03386,0.881,0,2.87
diesel-total-aromatics,20,0,native-posterior,95,0.9202,7.8171,0.881,0,2.87
diesel-total-aromatics,20,0,split-conformal-absolute,95,0.9681,11.24878,0.881,0,2.87
diesel-total-aromatics,20,0,split-conformal-locally-adaptive,95,0.9362,7.85438,0.881,0,2.87
diesel-total-aromatics,20,1,native-posterior,50,0.4468,2.00007,0.9364,0,3.07
diesel-total-aromatics,20,1,split-conformal-absolute,50,0.5,1.97406,0.9364,0,3.07
diesel-total-aromatics,20,1,split-conformal-locally-adaptive,50,0.516,2.32247,0.9364,0,3.07
diesel-total-aromatics,20,1,native-posterior,68,0.6596,3.00355,0.9364,0,3.07
diesel-total-aromatics,20,1,split-conformal-absolute,68,0.6702,3.043,0.9364,0,3.07
diesel-total-aromatics,20,1,split-conformal-locally-adaptive,68,0.7021,3.24341,0.9364,0,3.07
diesel-total-aromatics,20,1,native-posterior,80,0.7553,3.96909,0.9364,0,3.07
diesel-total-aromatics,20,1,split-conformal-absolute,80,0.8032,4.03465,0.9364,0,3.07
diesel-total-aromatics,20,1,split-conformal-locally-adaptive,80,0.7872,4.09562,0.9364,0,3.07
diesel-total-aromatics,20,1,native-posterior,90,0.867,5.31617,0.9364,0,3.07
diesel-total-aromatics,20,1,split-conformal-absolute,90,0.8777,4.8805,0.9364,0,3.07
diesel-total-aromatics,20,1,split-conformal-locally-adaptive,90,0.8936,5.78625,0.9364,0,3.07
diesel-total-aromatics,20,1,native-posterior,95,0.9309,6.64896,0.9364,0,3.07
diesel-total-aromatics,20,1,split-conformal-absolute,95,0.9255,6.08264,0.9364,0,3.07
diesel-total-aromatics,20,1,split-conformal-locally-adaptive,95,0.9255,6.89121,0.9364,0,3.07
diesel-total-aromatics,20,2,native-posterior,50,0.7234,2.96937,0.9462,0,3.18
diesel-total-aromatics,20,2,split-conformal-absolute,50,0.5213,1.8756,0.9462,0,3.18
diesel-total-aromatics,20,2,split-conformal-locally-adaptive,50,0.5106,1.99647,0.9462,0,3.18
diesel-total-aromatics,20,2,native-posterior,68,0.8883,4.43755,0.9462,0,3.18
diesel-total-aromatics,20,2,split-conformal-absolute,68,0.7234,2.99483,0.9462,0,3.18
diesel-total-aromatics,20,2,split-conformal-locally-adaptive,68,0.7553,3.16684,0.9462,0,3.18
diesel-total-aromatics,20,2,native-posterior,80,0.9574,5.82187,0.9462,0,3.18
diesel-total-aromatics,20,2,split-conformal-absolute,80,0.8085,4.02508,0.9462,0,3.18
diesel-total-aromatics,20,2,split-conformal-locally-adaptive,80,0.883,4.42015,0.9462,0,3.18
diesel-total-aromatics,20,2,native-posterior,90,0.9947,7.70991,0.9462,0,3.18
diesel-total-aromatics,20,2,split-conformal-absolute,90,0.9468,5.92922,0.9462,0,3.18
diesel-total-aromatics,20,2,split-conformal-locally-adaptive,90,0.9309,5.2379,0.9462,0,3.18
diesel-total-aromatics,20,2,native-posterior,95,1.0,9.55244,0.9462,0,3.18
diesel-total-aromatics,20,2,split-conformal-absolute,95,0.9681,7.07316,0.9462,0,3.18
diesel-total-aromatics,20,2,split-conformal-locally-adaptive,95,0.9628,5.99244,0.9462,0,3.18
diesel-total-aromatics,20,3,native-posterior,50,0.4362,3.1489,0.8806,0,2.94
diesel-total-aromatics,20,3,split-conformal-absolute,50,0.5691,2.98167,0.8806,0,2.94
diesel-total-aromatics,20,3,split-conformal-locally-adaptive,50,0.6277,5.85769,0.8806,0,2.94
diesel-total-aromatics,20,3,native-posterior,68,0.5957,4.99028,0.8806,0,2.94
diesel-total-aromatics,20,3,split-conformal-absolute,68,0.6968,4.37318,0.8806,0,2.94
diesel-total-aromatics,20,3,split-conformal-locally-adaptive,68,0.7128,8.24307,0.8806,0,2.94
diesel-total-aromatics,20,3,native-posterior,80,0.6702,7.1218,0.8806,0,2.94
diesel-total-aromatics,20,3,split-conformal-absolute,80,0.8723,6.7521,0.8806,0,2.94
diesel-total-aromatics,20,3,split-conformal-locally-adaptive,80,0.8457,10.60564,0.8806,0,2.94
diesel-total-aromatics,20,3,native-posterior,90,0.7979,11.00682,0.8806,0,2.94
diesel-total-aromatics,20,3,split-conformal-absolute,90,0.9309,9.36564,0.8806,0,2.94
diesel-total-aromatics,20,3,split-conformal-locally-adaptive,90,0.9468,13.9924,0.8806,0,2.94
diesel-total-aromatics,20,3,native-posterior,95,0.9043,15.87591,0.8806,0,2.94
diesel-total-aromatics,20,3,split-conformal-absolute,95,0.9521,10.30559,0.8806,0,2.94
diesel-total-aromatics,20,3,split-conformal-locally-adaptive,95,0.984,18.18404,0.8806,0,2.94
diesel-total-aromatics,20,4,native-posterior,50,0.4521,2.32996,0.9121,0,2.84
diesel-total-aromatics,20,4,split-conformal-absolute,50,0.4894,2.45315,0.9121,0,2.84
diesel-total-aromatics,20,4,split-conformal-locally-adaptive,50,0.516,2.70012,0.9121,0,2.84
diesel-total-aromatics,20,4,native-posterior,68,0.6064,3.51623,0.9121,0,2.84
diesel-total-aromatics,20,4,split-conformal-absolute,68,0.6543,3.40894,0.9121,0,2.84
diesel-total-aromatics,20,4,split-conformal-locally-adaptive,68,0.7074,4.24471,0.9121,0,2.84
diesel-total-aromatics,20,4,native-posterior,80,0.7553,4.66662,0.9121,0,2.84
diesel-total-aromatics,20,4,split-conformal-absolute,80,0.8085,4.58088,0.9121,0,2.84
diesel-total-aromatics,20,4,split-conformal-locally-adaptive,80,0.7819,5.02752,0.9121,0,2.84
diesel-total-aromatics,20,4,native-posterior,90,0.8883,6.31259,0.9121,0,2.84
diesel-total-aromatics,20,4,split-conformal-absolute,90,0.9202,5.98049,0.9121,0,2.84
diesel-total-aromatics,20,4,split-conformal-locally-adaptive,90,0.8457,5.90617,0.9121,0,2.84
diesel-total-aromatics,20,4,native-posterior,95,0.9521,7.99522,0.9121,0,2.84
diesel-total-aromatics,20,4,split-conformal-absolute,95,0.9309,7.16077,0.9121,0,2.84
diesel-total-aromatics,20,4,split-conformal-locally-adaptive,95,0.8883,6.61635,0.9121,0,2.84
diesel-total-aromatics,20,5,native-posterior,50,0.3085,2.10294,0.8579,0,2.97
diesel-total-aromatics,20,5,split-conformal-absolute,50,0.5426,3.07068,0.8579,0,2.97
diesel-total-aromatics,20,5,split-conformal-locally-adaptive,50,0.5479,3.62454,0.8579,0,2.97
diesel-total-aromatics,20,5,native-posterior,68,0.4787,3.14137,0.8579,0,2.97
diesel-total-aromatics,20,5,split-conformal-absolute,68,0.6755,4.67996,0.8579,0,2.97
diesel-total-aromatics,20,5,split-conformal-locally-adaptive,68,0.7287,5.34836,0.8579,0,2.97
diesel-total-aromatics,20,5,native-posterior,80,0.5957,4.11717,0.8579,0,2.97
diesel-total-aromatics,20,5,split-conformal-absolute,80,0.7819,6.35896,0.8579,0,2.97
diesel-total-aromatics,20,5,split-conformal-locally-adaptive,80,0.8351,6.18129,0.8579,0,2.97
diesel-total-aromatics,20,5,native-posterior,90,0.7394,5.45046,0.8579,0,2.97
diesel-total-aromatics,20,5,split-conformal-absolute,90,0.9202,9.62005,0.8579,0,2.97
diesel-total-aromatics,20,5,split-conformal-locally-adaptive,90,0.9149,7.43143,0.8579,0,2.97
diesel-total-aromatics,20,5,native-posterior,95,0.8617,6.7462,0.8579,0,2.97
diesel-total-aromatics,20,5,split-conformal-absolute,95,0.9415,11.10234,0.8579,0,2.97
diesel-total-aromatics,20,5,split-conformal-locally-adaptive,95,0.9574,9.16821,0.8579,0,2.97
diesel-total-aromatics,20,6,native-posterior,50,0.5532,2.38843,0.949,0,3.32
diesel-total-aromatics,20,6,split-conformal-absolute,50,0.4574,1.76409,0.949,0,3.32
diesel-total-aromatics,20,6,split-conformal-locally-adaptive,50,0.4894,2.1539,0.949,0,3.32
diesel-total-aromatics,20,6,native-posterior,68,0.7447,3.56629,0.949,0,3.32
diesel-total-aromatics,20,6,split-conformal-absolute,68,0.6649,2.85091,0.949,0,3.32
diesel-total-aromatics,20,6,split-conformal-locally-adaptive,68,0.6543,3.03301,0.949,0,3.32
diesel-total-aromatics,20,6,native-posterior,80,0.8511,4.67315,0.949,0,3.32
diesel-total-aromatics,20,6,split-conformal-absolute,80,0.8191,3.95835,0.949,0,3.32
diesel-total-aromatics,20,6,split-conformal-locally-adaptive,80,0.8085,4.23399,0.949,0,3.32
diesel-total-aromatics,20,6,native-posterior,90,0.9681,6.17599,0.949,0,3.32
diesel-total-aromatics,20,6,split-conformal-absolute,90,0.9096,4.97701,0.949,0,3.32
diesel-total-aromatics,20,6,split-conformal-locally-adaptive,90,0.9415,5.45367,0.949,0,3.32
diesel-total-aromatics,20,6,native-posterior,95,0.9947,7.61736,0.949,0,3.32
diesel-total-aromatics,20,6,split-conformal-absolute,95,0.9787,6.62374,0.949,0,3.32
diesel-total-aromatics,20,6,split-conformal-locally-adaptive,95,0.9681,6.42956,0.949,0,3.32
diesel-total-aromatics,20,7,native-posterior,50,0.4734,2.24988,0.9202,0,3.21
diesel-total-aromatics,20,7,split-conformal-absolute,50,0.4521,2.06298,0.9202,0,3.21
diesel-total-aromatics,20,7,split-conformal-locally-adaptive,50,0.5,2.45468,0.9202,0,3.21
diesel-total-aromatics,20,7,native-posterior,68,0.6436,3.35508,0.9202,0,3.21
diesel-total-aromatics,20,7,split-conformal-absolute,68,0.6117,3.16637,0.9202,0,3.21
diesel-total-aromatics,20,7,split-conformal-locally-adaptive,68,0.6383,3.44098,0.9202,0,3.21
diesel-total-aromatics,20,7,native-posterior,80,0.7713,4.3972,0.9202,0,3.21
diesel-total-aromatics,20,7,split-conformal-absolute,80,0.7713,4.59199,0.9202,0,3.21
diesel-total-aromatics,20,7,split-conformal-locally-adaptive,80,0.734,4.25773,0.9202,0,3.21
diesel-total-aromatics,20,7,native-posterior,90,0.8936,5.84115,0.9202,0,3.21
diesel-total-aromatics,20,7,split-conformal-absolute,90,0.8777,6.23655,0.9202,0,3.21
diesel-total-aromatics,20,7,split-conformal-locally-adaptive,90,0.8138,5.14919,0.9202,0,3.21
diesel-total-aromatics,20,7,native-posterior,95,0.9681,7.26493,0.9202,0,3.21
diesel-total-aromatics,20,7,split-conformal-absolute,95,0.9202,7.35285,0.9202,0,3.21
diesel-total-aromatics,20,7,split-conformal-locally-adaptive,95,0.9043,6.28524,0.9202,0,3.21
diesel-total-aromatics,20,8,native-posterior,50,0.4628,2.25018,0.9014,0,2.9
diesel-total-aromatics,20,8,split-conformal-absolute,50,0.5,2.34784,0.9014,0,2.9
diesel-total-aromatics,20,8,split-conformal-locally-adaptive,50,0.516,2.66187,0.9014,0,2.9
diesel-total-aromatics,20,8,native-posterior,68,0.5904,3.36258,0.9014,0,2.9
diesel-total-aromatics,20,8,split-conformal-absolute,68,0.6596,3.47782,0.9014,0,2.9
diesel-total-aromatics,20,8,split-conformal-locally-adaptive,68,0.633,3.65975,0.9014,0,2.9
diesel-total-aromatics,20,8,native-posterior,80,0.7234,4.41424,0.9014,0,2.9
diesel-total-aromatics,20,8,split-conformal-absolute,80,0.7394,4.48562,0.9014,0,2.9
diesel-total-aromatics,20,8,split-conformal-locally-adaptive,80,0.766,4.70199,0.9014,0,2.9
diesel-total-aromatics,20,8,native-posterior,90,0.8457,5.86037,0.9014,0,2.9
diesel-total-aromatics,20,8,split-conformal-absolute,90,0.8457,6.24814,0.9014,0,2.9
diesel-total-aromatics,20,8,split-conformal-locally-adaptive,90,0.883,6.42982,0.9014,0,2.9
diesel-total-aromatics,20,8,native-posterior,95,0.9149,7.2808,0.9014,0,2.9
diesel-total-aromatics,20,8,split-conformal-absolute,95,0.9096,7.67041,0.9014,0,2.9
diesel-total-aromatics,20,8,split-conformal-locally-adaptive,95,0.9202,7.40005,0.9014,0,2.9
diesel-total-aromatics,20,9,native-posterior,50,0.2979,1.68408,0.8966,0,2.87
diesel-total-aromatics,20,9,split-conformal-absolute,50,0.5904,3.25687,0.8966,0,2.87
diesel-total-aromatics,20,9,split-conformal-locally-adaptive,50,0.5691,3.38887,0.8966,0,2.87
diesel-total-aromatics,20,9,native-posterior,68,0.4468,2.51886,0.8966,0,2.87
diesel-total-aromatics,20,9,split-conformal-absolute,68,0.6862,4.1453,0.8966,0,2.87
diesel-total-aromatics,20,9,split-conformal-locally-adaptive,68,0.734,4.42125,0.8966,0,2.87
diesel-total-aromatics,20,9,native-posterior,80,0.5532,3.30256,0.8966,0,2.87
diesel-total-aromatics,20,9,split-conformal-absolute,80,0.7766,5.19561,0.8966,0,2.87
diesel-total-aromatics,20,9,split-conformal-locally-adaptive,80,0.8457,5.4455,0.8966,0,2.87
diesel-total-aromatics,20,9,native-posterior,90,0.734,4.38707,0.8966,0,2.87
diesel-total-aromatics,20,9,split-conformal-absolute,90,0.9043,6.84789,0.8966,0,2.87
diesel-total-aromatics,20,9,split-conformal-locally-adaptive,90,0.8936,6.40488,0.8966,0,2.87
diesel-total-aromatics,20,9,native-posterior,95,0.8191,5.44315,0.8966,0,2.87
diesel-total-aromatics,20,9,split-conformal-absolute,95,0.9468,8.38111,0.8966,0,2.87
diesel-total-aromatics,20,9,split-conformal-locally-adaptive,95,0.9468,8.13028,0.8966,0,2.87
