task,support_size,repetition,representation,auc_physics_gate,auc_interval_width,auc_random_control,mean_physics_gate_score,r2_evaluation,catastrophic_failure,seconds
diesel-cetane-number,5,0,random-projections-100,0.5935,0.5648,0.5962,0.2889,-0.15,0,6.42
diesel-cetane-number,5,1,random-projections-100,0.5166,0.517,0.4195,0.252,0.066,0,6.08
diesel-cetane-number,5,2,random-projections-100,0.5733,0.6046,0.673,0.095,-0.2325,0,6.88
diesel-cetane-number,5,3,random-projections-100,0.3998,0.3531,0.319,0.0918,0.371,0,7.8
diesel-cetane-number,5,4,random-projections-100,0.4041,0.422,0.3724,0.0679,0.2794,0,7.86
diesel-cetane-number,5,5,random-projections-100,0.5145,0.4702,0.434,0.1061,0.0863,0,7.25
diesel-cetane-number,5,6,random-projections-100,0.3591,0.4135,0.4043,0.2347,0.1744,0,10.67
diesel-cetane-number,5,7,random-projections-100,0.4932,0.4842,0.4599,0.1202,0.0834,0,9.82
diesel-cetane-number,5,8,random-projections-100,0.8883,0.8,0.9554,0.3267,-0.8823,0,8.24
diesel-cetane-number,5,9,random-projections-100,0.4644,0.4643,0.3623,0.1673,0.2529,0,16.45
diesel-cetane-number,10,0,random-projections-100,0.5599,0.5395,0.3729,0.1338,0.2423,0,16.07
diesel-cetane-number,10,1,random-projections-100,0.3935,0.4033,0.3308,0.2754,0.3643,0,14.45
diesel-cetane-number,10,2,random-projections-100,0.5998,0.6092,0.6461,0.3335,-0.283,0,14.09
diesel-cetane-number,10,3,random-projections-100,0.3953,0.3528,0.3407,0.1274,0.3657,0,13.66
diesel-cetane-number,10,4,random-projections-100,0.2874,0.3988,0.2896,0.1796,0.3893,0,13.67
diesel-cetane-number,10,5,random-projections-100,0.4763,0.4816,0.4667,0.2941,0.0688,0,13.89
diesel-cetane-number,10,6,random-projections-100,0.5787,0.5472,0.4587,0.1832,0.1154,0,13.67
diesel-cetane-number,10,7,random-projections-100,0.3208,0.3507,0.2952,0.17,0.4346,0,13.9
diesel-cetane-number,10,8,random-projections-100,0.3996,0.4059,0.3112,0.1302,0.3155,0,12.47
diesel-cetane-number,10,9,random-projections-100,0.4924,0.4026,0.4398,0.0562,0.1568,0,5.28
diesel-cetane-number,20,0,random-projections-100,0.339,0.7017,0.48,0.1387,0.0887,0,5.53
diesel-cetane-number,20,1,random-projections-100,0.3587,0.4522,0.3567,0.0741,0.3206,0,7.65
diesel-cetane-number,20,2,random-projections-100,0.2978,0.4201,0.2605,0.1096,0.4109,0,7.45
diesel-cetane-number,20,3,random-projections-100,0.3467,0.2979,0.2083,0.1339,0.5634,0,7.57
diesel-cetane-number,20,4,random-projections-100,0.6145,0.5041,0.4852,0.0949,-0.0024,0,6.92
diesel-cetane-number,20,5,random-projections-100,0.444,0.3854,0.2953,0.1647,0.3995,0,7.86
diesel-cetane-number,20,6,random-projections-100,0.4785,0.3282,0.322,0.1479,0.3857,0,7.43
diesel-cetane-number,20,7,random-projections-100,0.4201,0.4768,0.4097,0.137,0.1445,0,8.54
diesel-cetane-number,20,8,random-projections-100,0.3936,0.3667,0.3321,0.3222,0.3473,0,8.2
diesel-cetane-number,20,9,random-projections-100,0.4497,0.4551,0.3177,0.1704,0.2887,0,7.51
